{
    "n_estimators": 198,
    "learning_rate": 0.011062790969081398,
    "max_depth": 6,
    "num_leaves": 45,
    "min_child_samples": 75,
    "subsample": 0.8019633655635034,
    "colsample_bytree": 0.6511316560971696,
    "reg_alpha": 0.346598206694435,
    "reg_lambda": 0.0066477701828983006
}